INSERT INTO climb_finishes (name, display_name) VALUES
    ('attempt', 'Attempt'),
    ('project', 'Project'),
    ('onsight', 'Onsight'),
    ('flash', 'Flash'),
    ('redpoint', 'Redpoint');

INSERT INTO climb_styles (name, display_name) VALUES
    ('bouldering', 'Bouldering'),
    ('toprope', 'Top Rope'),
    ('lead', 'Lead');

INSERT INTO climb_grades (id, value, climb_style_name) VALUES
    ('78a283a3-d649-44e5-9ca6-21d17d4a6e44', 'V0', 'bouldering'),
    ('49a1be5c-8542-4447-a7ff-6c36fdfdbbf8', 'V1', 'bouldering'),
    ('19ce7503-44d3-475c-aa8a-bd015853fffc', 'V2', 'bouldering'),
    ('58eb485e-008c-4d54-9c5a-56361e6ce66d', 'V3', 'bouldering'),
    ('e5a40196-cd51-4852-b594-dd9ee7146f4c', 'V4', 'bouldering'),
    ('cfae8258-995f-4c1e-960a-71c4da2a0c19', 'V5', 'bouldering'),
    ('b1a6bbaf-c404-4d3f-8acf-d5c512c9363d', 'V6', 'bouldering'),
    ('2bb45678-c74c-4a74-9d7f-8e4b34066782', 'V7', 'bouldering'),
    ('84da80ae-69df-453a-b4a6-d7abd309225f', 'V8', 'bouldering'),
    ('55693830-25e3-408c-a5bd-d2bedcf8e611', 'V9', 'bouldering'),
    ('fcbc2e59-4b2d-4b2c-8a51-332bf0fbea8a', 'V10', 'bouldering'),
    ('22f6774a-4e24-453f-97bb-a22641bf16c8', 'V11', 'bouldering'),
    ('de48ec70-3937-47dc-9369-ccf85b1277f7', 'V12', 'bouldering'),
    ('4ee310e0-737f-43eb-9637-29815c154581', 'V13', 'bouldering'),
    ('c646c1f3-ada0-40d7-b3f8-828f1b0c881b', 'V14', 'bouldering'),
    ('4955be94-dab2-4dcd-9915-da76efdfeddf', 'V15', 'bouldering'),
    ('e43e9928-eb41-4790-873e-76d3646fd219', 'V16', 'bouldering'),

    ('bb3ed06c-e801-4fc6-8fc9-7ac41c2c4b00', '5.2', 'toprope'),
    ('fa0a48e5-3fba-4710-a97f-0f462734be9d', '5.3', 'toprope'),
    ('b97f8824-d72f-4188-823d-f2cc7557f1d7', '5.4', 'toprope'),
    ('127bc054-1881-495e-8344-61a3ac01ed46', '5.5', 'toprope'),
    ('8de70d91-b19f-4b7d-b16b-1e7882704955', '5.6', 'toprope'),
    ('d7534e8e-81ab-4cb9-9737-02afaf17784b', '5.7', 'toprope'),
    ('d52e74a8-2a6e-4ce7-9b62-c78c5cb3054d', '5.8', 'toprope'),
    ('e90d0af1-8b16-4e58-9a97-5cb8a8482cfe', '5.9', 'toprope'),
    ('ad44b86b-7721-463e-8f91-63bcef9deea0', '5.10a', 'toprope'),
    ('8d37ef33-f932-4ae3-9b41-ef1a61f4cbaf', '5.10b', 'toprope'),
    ('33127e92-d41f-41ad-ba05-a199afaaad73', '5.10c', 'toprope'),
    ('c19c5653-5d18-46cd-891c-fb87af3d9a28', '5.10d', 'toprope'),
    ('68cd5298-61fb-431a-a7f3-9b8d509eb8a9', '5.11a', 'toprope'),
    ('a3dfb1c2-3b09-4f4c-89ed-df4f7e87649c', '5.11b', 'toprope'),
    ('66397da9-a398-4cdd-bd84-5cb8974e663b', '5.11c', 'toprope'),
    ('a387b751-89a3-495b-8275-41472a1eda44', '5.11d', 'toprope'),
    ('6a00ae52-3746-48f6-abf9-21fe8b987d2f', '5.12a', 'toprope'),
    ('12528922-ce7c-4341-b54e-262fb0ce1303', '5.12b', 'toprope'),
    ('1e7c78f1-2a85-4268-a152-0a7ed650e48b', '5.12c', 'toprope'),
    ('0265cee0-70a8-45ba-b48e-a2b81d0e0fa8', '5.12d', 'toprope'),
    ('18b2f825-be4d-4ed6-b8f0-ff39725a6bb6', '5.13a', 'toprope'),
    ('fe8c313a-df50-4ea7-ae1c-ed7301b37de2', '5.13b', 'toprope'),
    ('cbdd9a5b-d4db-4450-a70c-2308ec252ec6', '5.13c', 'toprope'),
    ('d40fc853-144c-4262-8746-2c09a3b9be2d', '5.13d', 'toprope'),
    ('eb6be51c-39b3-4bd3-9d4a-639e616c55e1', '5.14a', 'toprope'),
    ('64dc8386-5c52-4b30-822d-6ff6ea3e7a36', '5.14b', 'toprope'),
    ('ee9cdc24-966e-4aad-99ff-03998a7f85cc', '5.14c', 'toprope'),
    ('ba3eaf81-0c3d-4fec-a746-0291bc5360bf', '5.14d', 'toprope'),
    ('13af5079-e7fc-4deb-8a71-1723a864149c', '5.15a', 'toprope'),
    ('bbbde8f2-921c-4ee3-aa9b-ad26980e969d', '5.15b', 'toprope'),

    ('159f78cd-7443-4c8f-8676-5275d3756966', '5.2', 'lead'),
    ('c7cedf62-5c7e-43dd-8a84-49c97ccb68cc', '5.3', 'lead'),
    ('188fd80d-80f2-4724-99f9-b54fc8eab137', '5.4', 'lead'),
    ('72faa641-bb7d-4af8-a885-706b04543cdb', '5.5', 'lead'),
    ('7900b8a8-b62f-44b3-b9bb-d14f67f25351', '5.6', 'lead'),
    ('52759877-d7de-4035-8c65-208ed6937e34', '5.7', 'lead'),
    ('8ffe4114-10fe-4dae-9f41-d4ddcc1fc9ef', '5.8', 'lead'),
    ('d6cd8b56-b97a-4606-b168-c0445db12cf3', '5.9', 'lead'),
    ('9897b7c8-9a8d-475a-adb2-e85dd58b8bae', '5.10a', 'lead'),
    ('755c0ab5-5bde-4006-9e83-7ef96dd1656c', '5.10b', 'lead'),
    ('daf52856-1201-4bd9-978e-238a6dbfe63c', '5.10c', 'lead'),
    ('115511c4-963d-4d7a-95f3-eb7539ea15fe', '5.10d', 'lead'),
    ('6db93317-8fa0-49f2-874a-51b3314a785d', '5.11a', 'lead'),
    ('40775772-87ee-415f-b7b8-c31e3f6263e1', '5.11b', 'lead'),
    ('c35d78f1-847d-407a-87b4-277fd87f060d', '5.11c', 'lead'),
    ('055acb21-2360-499a-9d0b-744bff42a74f', '5.11d', 'lead'),
    ('d77fdd53-80c7-49a9-96b0-45f191b4609b', '5.12a', 'lead'),
    ('c7fb2f04-d6d1-4d61-8bad-f0056d232c74', '5.12b', 'lead'),
    ('41ac8d88-5535-4d8a-a3c0-cd10f8c90030', '5.12c', 'lead'),
    ('8a244503-ade3-4136-bd92-388f0c9f4551', '5.12d', 'lead'),
    ('a17c655f-b5a1-4a32-a91f-525c3be3cd65', '5.13a', 'lead'),
    ('15f83f75-633f-4668-9aea-eb102bb67132', '5.13b', 'lead'),
    ('a170f6cb-6bb1-42ab-9650-030d400e6eb2', '5.13c', 'lead'),
    ('d04f8964-283b-452b-b7f9-6fdd0340b0dd', '5.13d', 'lead'),
    ('4623b972-56f4-473c-b438-7521b27bf837', '5.14a', 'lead'),
    ('62463187-ca8f-4224-a5d1-7f2152ea6017', '5.14b', 'lead'),
    ('5061a70f-f0ae-42ec-9835-e7b98e9f025a', '5.14c', 'lead'),
    ('b346cc0d-cb34-4e2b-9099-51f99681e98d', '5.14d', 'lead'),
    ('1785bd5f-39ab-4637-91f1-d0fb8cb5caa1', '5.15a', 'lead'),
    ('bf81f806-5acf-44ef-9683-5eb451d9e2ca', '5.15b', 'lead');

INSERT INTO users (id, email, password_salt, password_hash, apikey) VALUES
    ('765d5d32-a7ce-4816-b7e7-d327213a4da2','bostwick.d@gmail.com','$2a$10$t0RkdFhq9C91ghqUY.t0t.','$2a$10$t0RkdFhq9C91ghqUY.t0t.NixRNPULgnafIY0q66K7aBExtJTQocG','f7e947e5-1907-47be-bc7d-b41d9d213962'),
    ('0a60e10e-1017-4425-bdab-4ac387cd888f','valid-user@test.com','$2a$10$24icCVB3fxRqKfu8/Eqcme','$2a$10$24icCVB3fxRqKfu8/EqcmeKT96Ay0xbPNmBNTy1qY52wHLRajL0Rm','3f9dfb50-c762-4074-93cc-b4f6c3b59486'),
    ('382A0DDE-6C3C-4BA8-B87F-6A57025F00B9','valid-user-2@test.com','$2a$10$24icCVB3fxRqKfu8/Eqcme','$2a$10$24icCVB3fxRqKfu8/EqcmeKT96Ay0xbPNmBNTy1qY52wHLRajL0Rm','3f9dfb50-c762-4074-93cc-b4f6c3b59486');
